<?xml version="1.0"?>
<doc>
    <assembly>
        <name>IdentityServer</name>
    </assembly>
    <members>
        <member name="T:IdentityServer.Attribute.SecurityHeadersAttribute">
            <summary>
            设置安全过滤器特性
            </summary>
        </member>
        <member name="M:IdentityServer.Attribute.SecurityHeadersAttribute.OnActionExecuting(Microsoft.AspNetCore.Mvc.Filters.ActionExecutingContext)">
            <summary>
            生成视图前
            </summary>
            <param name="context">报文</param>
        </member>
        <member name="T:IdentityServer.Config">
            <summary>
            IdentityServer 配置
            </summary>
        </member>
        <member name="M:IdentityServer.Config.GetIdentityResources">
            <summary>
            定义系统中的身份认证资源
            </summary>
        </member>
        <member name="M:IdentityServer.Config.GetApiResources">
            <summary>
            保护的 API 资源凭证
            </summary>
        </member>
        <member name="M:IdentityServer.Config.GetClients">
            <summary>
            客户端配置
            </summary>
        </member>
        <member name="T:IdentityServer.Controllers.ProcessConsentResult">
            <summary>
            
            </summary>
        </member>
        <member name="P:IdentityServer.Controllers.ProcessConsentResult.IsRedirect">
            <summary>
            
            </summary>
        </member>
        <member name="P:IdentityServer.Controllers.ProcessConsentResult.RedirectUri">
            <summary>
            
            </summary>
        </member>
        <member name="P:IdentityServer.Controllers.ProcessConsentResult.ShowView">
            <summary>
            
            </summary>
        </member>
        <member name="P:IdentityServer.Controllers.ProcessConsentResult.ViewModel">
            <summary>
            
            </summary>
        </member>
        <member name="P:IdentityServer.Controllers.ProcessConsentResult.HasValidationError">
            <summary>
            
            </summary>
        </member>
        <member name="P:IdentityServer.Controllers.ProcessConsentResult.ValidationError">
            <summary>
            
            </summary>
        </member>
        <member name="T:IdentityServer.Controllers.AccountController">
            <summary>
            账户管理控制器（实现了本地和外部帐户的典型登录/注销/提供工作流程）
            </summary>
        </member>
        <member name="M:IdentityServer.Controllers.AccountController.#ctor(Microsoft.AspNetCore.Identity.UserManager{IdentityServer.Models.ApplicationUser},Microsoft.AspNetCore.Identity.SignInManager{IdentityServer.Models.ApplicationUser},IdentityServer4.Services.IIdentityServerInteractionService,IdentityServer4.Stores.IClientStore,Microsoft.AspNetCore.Authentication.IAuthenticationSchemeProvider,IdentityServer4.Services.IEventService)">
            <summary>
            
            </summary>
            <param name="interaction"></param>
            <param name="clientStore"></param>
            <param name="schemeProvider"></param>
            <param name="events"></param>
            <param name="userManager"></param>
            <param name="signInManager"></param>
        </member>
        <member name="M:IdentityServer.Controllers.AccountController.Signup(System.String)">
            <summary>
            展示注册页面
            </summary>
            <param name="returnUrl">返回路径</param>
            <returns></returns>
        </member>
        <member name="M:IdentityServer.Controllers.AccountController.Signup(IdentityServer.Models.SignupInputModel,System.String)">
            <summary>
            提交注册请求
            </summary>
            <param name="model">注册输入模型</param>
            <param name="button">点击按钮</param>
            <returns></returns>
        </member>
        <member name="M:IdentityServer.Controllers.AccountController.Login(System.String)">
            <summary>
            展示登录页面
            </summary>
            <param name="returnUrl">返回路径</param>
            <returns></returns>
        </member>
        <member name="M:IdentityServer.Controllers.AccountController.Login(IdentityServer.ViewModels.LoginInputModel,System.String)">
            <summary>
            提交用户名/密码登录请求
            </summary>
            <param name="model">用户输入内容</param>
            <param name="button">触发按钮</param>
            <returns></returns>
        </member>
        <member name="M:IdentityServer.Controllers.AccountController.ExternalLogin(System.String,System.String)">
            <summary>
            通过外部供应商登录
            </summary>
            <param name="provider">供应商名称</param>
            <param name="returnUrl">返回的路径</param>
            <returns></returns>
        </member>
        <member name="M:IdentityServer.Controllers.AccountController.ExternalLoginCallback">
            <summary>
            外部认证后的处理
            </summary>
            <returns></returns>
        </member>
        <member name="M:IdentityServer.Controllers.AccountController.Logout(System.String)">
            <summary>
            展示验证是否注销的页面
            </summary>
            <param name="logoutId">申请注销的 ID</param>
            <returns></returns>
        </member>
        <member name="M:IdentityServer.Controllers.AccountController.Logout(IdentityServer.Models.LogoutInputModel)">
            <summary>
            处理验证是否注销页面返回的结果
            </summary>
            <param name="model">注销输入模板</param>
            <returns></returns>
        </member>
        <member name="T:IdentityServer.Controllers.ConsentController">
            <summary>
            授权控制器
            </summary>
        </member>
        <member name="M:IdentityServer.Controllers.ConsentController.#ctor(IdentityServer4.Services.IIdentityServerInteractionService,IdentityServer4.Stores.IClientStore,IdentityServer4.Stores.IResourceStore,Microsoft.Extensions.Logging.ILogger{IdentityServer.Controllers.ConsentController})">
            <summary>
            授权控制器
            </summary>
            <param name="interaction"></param>
            <param name="clientStore"></param>
            <param name="resourceStore"></param>
            <param name="logger"></param>
        </member>
        <member name="M:IdentityServer.Controllers.ConsentController.Index(System.String)">
            <summary>
            显示授权页面
            </summary>
            <param name="returnUrl">返回的路径</param>
            <returns></returns>
        </member>
        <member name="M:IdentityServer.Controllers.ConsentController.Index(IdentityServer.Models.ConsentInputModel)">
            <summary>
            提交授权请求
            </summary>
            <param name="model">授权请求数据模板</param>
            <returns></returns>
        </member>
        <member name="T:IdentityServer.Controllers.HomeController">
            <summary>
            首页控制器
            </summary>
        </member>
        <member name="M:IdentityServer.Controllers.HomeController.#ctor(IdentityServer4.Services.IIdentityServerInteractionService)">
            <summary>
            
            </summary>
        </member>
        <member name="M:IdentityServer.Controllers.HomeController.Index">
            <summary>
            显示首页页面
            </summary>
        </member>
        <member name="M:IdentityServer.Controllers.HomeController.Error(System.String)">
            <summary>
            显示错误页面
            </summary>
            <param name="errorId"></param>
            <returns></returns>
        </member>
        <member name="T:IdentityServer.DbContext.ApplicationDbContext">
            <summary>
            
            </summary>
        </member>
        <member name="M:IdentityServer.DbContext.ApplicationDbContext.#ctor(Microsoft.EntityFrameworkCore.DbContextOptions{IdentityServer.DbContext.ApplicationDbContext})">
            <summary>
            
            </summary>
            <param name="options"></param>
        </member>
        <member name="M:IdentityServer.DbContext.ApplicationDbContext.OnModelCreating(Microsoft.EntityFrameworkCore.ModelBuilder)">
            <summary>
            
            </summary>
            <param name="builder"></param>
        </member>
        <member name="T:IdentityServer.Models.ConsentInputModel">
            <summary>
            授权请求数据模板
            </summary>
        </member>
        <member name="P:IdentityServer.Models.ConsentInputModel.Button">
            <summary>
            触发按钮
            </summary>
        </member>
        <member name="P:IdentityServer.Models.ConsentInputModel.ScopesConsented">
            <summary>
            同意范围
            </summary>
        </member>
        <member name="P:IdentityServer.Models.ConsentInputModel.RememberConsent">
            <summary>
            是否同意记住用户
            </summary>
        </member>
        <member name="P:IdentityServer.Models.ConsentInputModel.ReturnUrl">
            <summary>
            返回的路径
            </summary>
        </member>
        <member name="T:IdentityServer.Models.LogoutInputModel">
            <summary>
            注销输入模板
            </summary>
        </member>
        <member name="P:IdentityServer.Models.LogoutInputModel.LogoutId">
            <summary>
            注销申请 ID
            </summary>
        </member>
        <member name="P:IdentityServer.Models.SignupInputModel.Username">
            <summary>
            用户名（必需）
            </summary>
        </member>
        <member name="P:IdentityServer.Models.SignupInputModel.Password">
            <summary>
            密码（必需）
            </summary>
        </member>
        <member name="P:IdentityServer.Models.SignupInputModel.PhoneNumber">
            <summary>
            手机号码（必须）
            </summary>
        </member>
        <member name="P:IdentityServer.Models.SignupInputModel.Name">
            <summary>
            姓名
            </summary>
        </member>
        <member name="P:IdentityServer.Models.SignupInputModel.Email">
            <summary>
            电子邮箱地址
            </summary>
        </member>
        <member name="P:IdentityServer.Models.SignupInputModel.RememberLogin">
            <summary>
            是否记得登录信息
            </summary>
        </member>
        <member name="P:IdentityServer.Models.SignupInputModel.ReturnUrl">
            <summary>
            返回路径
            </summary>
        </member>
        <member name="T:IdentityServer.ViewModels.ExternalProviderModel">
            <summary>
            
            </summary>
        </member>
        <member name="P:IdentityServer.ViewModels.ExternalProviderModel.DisplayName">
            <summary>
            
            </summary>
        </member>
        <member name="P:IdentityServer.ViewModels.ExternalProviderModel.AuthenticationScheme">
            <summary>
            
            </summary>
        </member>
        <member name="T:IdentityServer.ViewModels.LoginInputModel">
            <summary>
            用户输入登录模板
            </summary>
        </member>
        <member name="P:IdentityServer.ViewModels.LoginInputModel.Username">
            <summary>
            用户名（必需）
            </summary>
        </member>
        <member name="P:IdentityServer.ViewModels.LoginInputModel.Password">
            <summary>
            密码（必需）
            </summary>
        </member>
        <member name="P:IdentityServer.ViewModels.LoginInputModel.RememberLogin">
            <summary>
            是否记得登录信息
            </summary>
        </member>
        <member name="P:IdentityServer.ViewModels.LoginInputModel.ReturnUrl">
            <summary>
            返回路径
            </summary>
        </member>
        <member name="T:IdentityServer.ViewModels.AccountOptions">
            <summary>
            
            </summary>
        </member>
        <member name="F:IdentityServer.ViewModels.AccountOptions.AllowLocalLogin">
            <summary>
            
            </summary>
        </member>
        <member name="F:IdentityServer.ViewModels.AccountOptions.AllowRememberLogin">
            <summary>
            
            </summary>
        </member>
        <member name="F:IdentityServer.ViewModels.AccountOptions.RememberMeLoginDuration">
            <summary>
            
            </summary>
        </member>
        <member name="F:IdentityServer.ViewModels.AccountOptions.ShowLogoutPrompt">
            <summary>
            
            </summary>
        </member>
        <member name="F:IdentityServer.ViewModels.AccountOptions.AutomaticRedirectAfterSignOut">
            <summary>
            
            </summary>
        </member>
        <member name="F:IdentityServer.ViewModels.AccountOptions.WindowsAuthenticationSchemeName">
            <summary>
            指定正在使用的 Windows 身份验证方案
            </summary>
        </member>
        <member name="F:IdentityServer.ViewModels.AccountOptions.IncludeWindowsGroups">
            <summary>
            如果用户使用Windows 身份验证，则在 Windows 中加载组
            </summary>
        </member>
        <member name="F:IdentityServer.ViewModels.AccountOptions.InvalidCredentialsErrorMessage">
            <summary>
            错误的验证信息
            </summary>
        </member>
        <member name="T:IdentityServer.ViewModels.ConsentViewModel">
            <summary>
            
            </summary>
        </member>
        <member name="P:IdentityServer.ViewModels.ConsentViewModel.ClientName">
            <summary>
            
            </summary>
        </member>
        <member name="P:IdentityServer.ViewModels.ConsentViewModel.ClientUrl">
            <summary>
            
            </summary>
        </member>
        <member name="P:IdentityServer.ViewModels.ConsentViewModel.ClientLogoUrl">
            <summary>
            
            </summary>
        </member>
        <member name="P:IdentityServer.ViewModels.ConsentViewModel.AllowRememberConsent">
            <summary>
            
            </summary>
        </member>
        <member name="P:IdentityServer.ViewModels.ConsentViewModel.IdentityScopes">
            <summary>
            
            </summary>
        </member>
        <member name="P:IdentityServer.ViewModels.ConsentViewModel.ResourceScopes">
            <summary>
            
            </summary>
        </member>
        <member name="T:IdentityServer.ViewModels.ErrorViewModel">
            <summary>
            
            </summary>
        </member>
        <member name="P:IdentityServer.ViewModels.ErrorViewModel.Error">
            <summary>
            
            </summary>
        </member>
        <member name="T:IdentityServer.ViewModels.LoggedOutViewModel">
            <summary>
            
            </summary>
        </member>
        <member name="P:IdentityServer.ViewModels.LoggedOutViewModel.PostLogoutRedirectUri">
            <summary>
            
            </summary>
        </member>
        <member name="P:IdentityServer.ViewModels.LoggedOutViewModel.ClientName">
            <summary>
            
            </summary>
        </member>
        <member name="P:IdentityServer.ViewModels.LoggedOutViewModel.SignOutIframeUrl">
            <summary>
            
            </summary>
        </member>
        <member name="P:IdentityServer.ViewModels.LoggedOutViewModel.AutomaticRedirectAfterSignOut">
            <summary>
            
            </summary>
        </member>
        <member name="P:IdentityServer.ViewModels.LoggedOutViewModel.LogoutId">
            <summary>
            
            </summary>
        </member>
        <member name="P:IdentityServer.ViewModels.LoggedOutViewModel.TriggerExternalSignout">
            <summary>
            
            </summary>
        </member>
        <member name="P:IdentityServer.ViewModels.LoggedOutViewModel.ExternalAuthenticationScheme">
            <summary>
            
            </summary>
        </member>
        <member name="T:IdentityServer.ViewModels.LoginViewModel">
            <summary>
            
            </summary>
        </member>
        <member name="P:IdentityServer.ViewModels.LoginViewModel.AllowRememberLogin">
            <summary>
            
            </summary>
        </member>
        <member name="P:IdentityServer.ViewModels.LoginViewModel.EnableLocalLogin">
            <summary>
            
            </summary>
        </member>
        <member name="P:IdentityServer.ViewModels.LoginViewModel.ExternalProviders">
            <summary>
            
            </summary>
        </member>
        <member name="P:IdentityServer.ViewModels.LoginViewModel.VisibleExternalProviders">
            <summary>
            
            </summary>
        </member>
        <member name="P:IdentityServer.ViewModels.LoginViewModel.IsExternalLoginOnly">
            <summary>
            
            </summary>
        </member>
        <member name="P:IdentityServer.ViewModels.LoginViewModel.ExternalLoginScheme">
            <summary>
            
            </summary>
        </member>
        <member name="T:IdentityServer.ViewModels.LogoutViewModel">
            <summary>
            
            </summary>
        </member>
        <member name="P:IdentityServer.ViewModels.LogoutViewModel.ShowLogoutPrompt">
            <summary>
            
            </summary>
        </member>
        <member name="T:IdentityServer.ViewModels.ScopeViewModel">
            <summary>
            fg
            </summary>
        </member>
        <member name="P:IdentityServer.ViewModels.ScopeViewModel.Name">
            <summary>
            gfr
            </summary>
        </member>
        <member name="P:IdentityServer.ViewModels.ScopeViewModel.DisplayName">
            <summary>
            fdg
            </summary>
        </member>
        <member name="P:IdentityServer.ViewModels.ScopeViewModel.Description">
            <summary>
            dfg
            </summary>
        </member>
        <member name="P:IdentityServer.ViewModels.ScopeViewModel.Emphasize">
            <summary>
            gdfg
            </summary>
        </member>
        <member name="P:IdentityServer.ViewModels.ScopeViewModel.Required">
            <summary>
            fdg
            </summary>
        </member>
        <member name="P:IdentityServer.ViewModels.ScopeViewModel.Checked">
            <summary>
            fdgd
            </summary>
        </member>
        <member name="T:IdentityServer.Options.ConsentOptions">
            <summary>
            
            </summary>
        </member>
        <member name="F:IdentityServer.Options.ConsentOptions.EnableOfflineAccess">
            <summary>
            
            </summary>
        </member>
        <member name="F:IdentityServer.Options.ConsentOptions.OfflineAccessDisplayName">
            <summary>
            
            </summary>
        </member>
        <member name="F:IdentityServer.Options.ConsentOptions.OfflineAccessDescription">
            <summary>
            
            </summary>
        </member>
        <member name="F:IdentityServer.Options.ConsentOptions.MustChooseOneErrorMessage">
            <summary>
            
            </summary>
        </member>
        <member name="F:IdentityServer.Options.ConsentOptions.InvalidSelectionErrorMessage">
            <summary>
            
            </summary>
        </member>
        <member name="T:IdentityServer.Program">
            <summary>
            
            </summary>
        </member>
        <member name="M:IdentityServer.Program.Main(System.String[])">
            <summary>
            入口函数
            </summary>
        </member>
        <member name="M:IdentityServer.Program.BuildWebHost(System.String[])">
            <summary>
            
            </summary>
        </member>
        <member name="T:IdentityServer.SeedData">
            <summary>
            
            </summary>
        </member>
        <member name="M:IdentityServer.SeedData.EnsureSeedData(System.IServiceProvider)">
            <summary>
            
            </summary>
            <param name="serviceProvider"></param>
        </member>
        <member name="T:IdentityServer.Startup">
            <summary>
            配置应用程序的服务及请求管道
            </summary>
        </member>
        <member name="M:IdentityServer.Startup.#ctor(Microsoft.Extensions.Configuration.IConfiguration,Microsoft.AspNetCore.Hosting.IHostingEnvironment)">
            <summary>
            初始化
            </summary>
            <param name="configuration">配置文件</param>
            <param name="environment">环境变量</param>
        </member>
        <member name="M:IdentityServer.Startup.ConfigureServices(Microsoft.Extensions.DependencyInjection.IServiceCollection)">
            <summary>
             在容器运行时向容器添加服务。
            </summary>
        </member>
        <member name="M:IdentityServer.Startup.Configure(Microsoft.AspNetCore.Builder.IApplicationBuilder,Microsoft.AspNetCore.Hosting.IHostingEnvironment)">
            <summary>
            配置 HTTP 管道模型
            </summary>
        </member>
    </members>
</doc>
