{
  "name": "popper.js",
  "description": "A kickass library to manage your poppers",
  "main": "dist/umd/popper.js",
  "authors": [
    "Contributors (https://github.com/FezVrasta/popper.js/graphs/contributors)"
  ],
  "license": "MIT",
  "keywords": [
    "popperjs",
    "component",
    "drop",
    "tooltip",
    "popover",
    "position",
    "attached"
  ],
  "homepage": "https://popper.js.org",
  "ignore": [
    "**/.*",
    "node_modules",
    "bower_components",
    "tests"
  ],
  "version": "1.14.4",
  "_release": "1.14.4",
  "_resolution": {
    "type": "version",
    "tag": "v1.14.4",
    "commit": "f23044d8f3751ab97ffcaaa113e199f54b8da86f"
  },
  "_source": "https://github.com/FezVrasta/popper.js.git",
  "_target": "v1.14.4",
  "_originalSource": "popper.js",
  "_direct": true
}